author,url,text,section,title,sub_title,date
Deutsche Welle,https://www.cartacapital.com.br/politica/partidos-alemaes-condenam-fala-de-bolsonaro-sobre-nazismo/,"“Os nazistas já usavam conscientemente a distorção política como instrumento da sua propaganda fascista. O fato de Jair Bolsonaro se apoiar nesta mentira é um ultraje nojento às vítimas do nazismo”, afirmou a deputada Yasmin Fahimi, presidente do Grupo Parlamentar Teuto-Brasileiro no Bundestag (Parlamento alemão).A deputada do Partido Social-Democrata (SPD), legenda mais antiga da Alemanha, lembrou ainda que as primeiras vítimas nos porões de tortura nazistas foram os social-democratas e sindicalistas e destacou que o nazismo foi um regime de extrema direita, marcado pela desumanidade, pelo belicismo e por uma ideologia racista que custou a vida de milhões de pessoas.“Essas declarações difamam a memória das vítimas da violência nazista. Um movimento de esquerda luta pela liberdade e igualdade das pessoas, ou seja, justamente o contrário”, disse Fahimi, que faz parte da legenda que integra a coalizão que governa a Alemanha ao lado da União Democrata-Cristã (CDU), da chanceler federal Angela Merkel, e da União Social-Cristã (CSU).O porta-voz de política externa do Partido Verde, Omid Nouripour, também condenou as declarações de Bolsonaro e do ministro Araújo. “Isso é uma distorção e falsificação massiva da verdade histórica. A tentativa de desacreditar a esquerda com esse absurdo é uma manobra concertada internacionalmente pela extrema direita para desviar a atenção de sua política vazia, porém, desumana”, disse.O deputado ressaltou que o nome Partido Nacional-Socialista dos Trabalhadores Alemães, ou NSDAP, foi apenas uma estratégia para atrair a classe trabalhadora e classificou a legenda como a mais extremista de direita que já houve.Peter Weiss, da conservadora CDU, lembrou que o partido nazista em seu início tinha uma ala socialista, que progressivamente foi eliminada. “O nazismo não foi um ‘movimento de esquerda’, mas um movimento nacionalista,  e racista, que conduziu a uma catástrofe na Alemanha e Europa”, afirmou o deputado, que também faz parte do grupo parlamentar alemão responsável por cultivar as relações com o Congresso brasileiro.O deputado Gero Hocker, do Partido Liberal Democrático (FDP), disse que o Brasil tem problemas maiores do que um debate sobre a história alemã. “Em vez de fazer comparações históricas inadmissíveis, Bolsonaro deveria promover em seu gabinete a vigência das condições básicas legais confiáveis também para investidores estrangeiros em seu país, impulsionar a educação e cortar impostos para trabalhadores e empresários para, assim, atrair investidores e fortalecer o poder de compra”.O deputado, que também é membro Grupo Parlamentar Teuto-Brasileiro, argumentou ainda que todo sistema ditatorial, tanto os de direita quanto os de esquerda, combate a diversidade e abertura de uma sociedade, e em ambos os casos há restrições de liberdades econômicas e sociais. Desta maneira, as duas classificações apresentam características semelhantes. “Ao mesmo tempo, historicamente é inútil fazer uma relativização do sofrimento das ditaduras de esquerda e de direita por meio de uma comparação geral como a de Araújo”.Para o deputado Alexander Ulrich, da legenda A Esquerda, as declarações demonstram uma ignorância massiva ou são negação deliberada da história e política. “Isso é para um presidente, especialmente de um país grande como o Brasil, extremamente dramático e perigoso. Com essas declarações, Bolsonaro quer desacreditar a esquerda, no entanto, ele acaba apenas se ridicularizando”, acrescentou.Integrante do Grupo Parlamentar Teuto-Brasileiro, Ulrich destacou que a ideologia de extrema direita do nazismo não tem nenhuma relação com a ideologia democrática e solidária internacionalmente da esquerda. “Pelo contrário, vejo uma série de traços do nazismo na própria política de Bolsonaro. Ficaria surpreendido se ele descrevesse a si próprio como de esquerda”, afirmou.Já o deputado Martin Hess, da legenda populista de direita Alternativa para a Alemanha (AfD), disse que na Alemanha houve um debate no passado sobre essa tese sem que ela fosse incorporada no discurso e lembrou que Bolsonaro baseou sua declaração em argumentos do filósofo Olavo de Carvalho.“Nosso partido, se concentra em encontrar soluções para problemas atuais e ameaças à nossa segurança e ao nosso bem-estar. Assim, devemos deixar debates históricos para historiadores e filósofos”, acrescentou Hess, que também está no Grupo Parlamentar Teuto-Brasileiro.Questionado sobre os comentários, o porta-voz de Merkel, Steffen Seibert, preferiu não comentar as declarações de Bolsonaro, porém, afirmou que a posição do governo da Alemanha em relação ao nazismo é bastante conhecida e clara. “Há anos e décadas existe uma convicção muito sólida que nos sustenta e sustenta todo nosso país”, destacou.Na Alemanha, há um amplo consenso, nos âmbitos acadêmico, social e político, sobre a . A disputa sobre a classificação da ideologia nazista é inexistente entre historiadores renomados.No fim da viagem a Israel, Bolsonaro disse a jornalistas “não ter dúvidas” de que o nazismo foi um movimento de esquerda. A declaração foi feita após uma vista ao memorial Yad Vashem, em Jerusalém, um museu público em memória às vítimas do Holocausto. A própria instituição define o nazismo como um movimento de direita.O posicionamento do presidente ocorreu em meio à polêmica causada por declarações recentes de Araújo de que o nazismo teria sido um “fenômeno” de esquerda.  Com as alegações, a tese parece ter virado discurso oficial em Brasília.Em longa entrevista a um canal simpático à extrema direita no Youtube, o ministro repetiu um discurso que esteve em alta nas mídias sociais brasileiras durante as eleições, mas que jamais foi levado a sério por acadêmicos na Alemanha. A tese é tida como absurda e desonesta por acadêmicos e diplomatas europeus.Em Jerusalém, questionado na terça-feira se concordava com a afirmação de Araújo, Bolsonaro afirmou: “Não há dúvida. Partido Socialista… Como é que é? Da Alemanha. Partido Nacional-Socialista da Alemanha.”Os atuais defensores do “nazismo de esquerda” costumam se basear no nome oficial da agremiação nazista, o Partido Nacional-Socialista dos Trabalhadores Alemães, ou NSDAP. A presença da palavra “socialista” revelaria a linha ideológica do regime. Historiadores internacionais de renome, porém, destacam que isso não passou de uma estratégia eleitoral para atrair a classe trabalhadora.",Política,Partidos alemães condenam fala de Bolsonaro sobre nazismo,Distorção e falsificação da história e difamação da memória das vítimas foram algumas das reações de parlamentares à fala do presidente,2019-04-05 14:59:22
Redação,https://www.cartacapital.com.br/economia/atacado-por-mourao-o-salario-minimo-do-pais-e-um-dos-menores-do-mundo/,"Segundo o general, a remuneração básica de referência no Brasil pune os empresários (“mínimo que não é mínimo”) e não pode mais ser reajustada anualmente com base na inflação.Mourão defendeu ainda a aprovação da reforma da Previdência, o aprofundamento do desmonte da CLT iniciado pelo governo de Michel Temer, a privatização até de serviços básicos como saúde e educação e uma drástica redução de impostos.Entende-se o entusiasmo dos empresários. O discurso de Mourão, lido e não improvisado, soa como música para o setor privado. Mas, no caso do salário mínimo, não condiz com a realidade.O Brasil tem um dos menores  do planeta, mostra um levantamento de 2018 da Fundação Alemã Hans Bockler. O estudo faz uma comparação da remuneração da hora trabalhada. Os valores são medidos em euros pela paridade do poder de compra, metodologia que elimina os efeitos das variações cambiais.Um outro comparativo, produzido pelo Ipea com base em dados da OCDE, a organização mantida pelos países ricos na qual o governo Bolsonaro pretende inserir o País, chega a conclusões semelhantes.Na lista comparativa, só ficamos atrás do México entre as nações pesquisadas (em dólar, pela paridade do poder de compra). Os dados são de 2015. ",Economia,"Atacado por Mourão, o salário mínimo do País é um dos menores do mundo","Ficamos atrás do Chile, da Argentina e da maioria das economias mais importantes do planeta",2019-03-27 14:29:12
Redação,https://www.cartacapital.com.br/politica/em-nova-pesquisa-aprovacao-de-bolsonaro-cai-ainda-mais-e-vai-a-35/,"A avaliação da população sobre o desempenho do presidente Jair Bolsonaro (PSL) está em franca queda. Segundo a pesquisa divulgada nesta sexta-feira 5 pela XP Investimentos, 35% aprovam o presidente.Segundo o levantamento, realizado de 1 a 3 de abril, as curvas de aprovação e reprovação mostram nitidamente uma trajetória ruim para Bolsonaro a partir de fevereiro, quando era aprovado por 40% dos que responderam à pesquisa da XP. Depois, em março, oscilou para 37%. Agora, está em 35%.  Na mesma medida, a reprovação a Bolsonaro só aumenta. Em fevereiro, o índice era de 17%, passando a 24% em março. Em abril, atingiu 26%, oscilação dentro da margem de erro, mas que confirma a trajetória de alta no indicador. A proporção dos que consideram o governo regular, 32%, se manteve entre março e abril. A margem de erro é de 3,2 pontos percentuais.  A pesquisa também analisou outros indicadores: as instituições que desfrutam da menor confiança ainda são os partidos políticos. Cerca de 89% dizem não confiar neles. Em oposição, as Forças Armadas são a instituição com o maior nível de confiança: 66% dizem que podem confiar nelas.  : oscilou 3 pontos para baixo a percepção da população de que a reforma é necessária, embora a maior parte continue defendendo a mudança. Em março, 64% concordavam com a afirmação de que é preciso fazer uma reforma da Previdência. Em abril, eram 61%.55% dos entrevistados responderam que o Brasil vive uma “nova política”. Do outro lado, 39% não concordam com essa interpretação.",Política,"Em nova pesquisa, aprovação de Bolsonaro cai ainda mais e vai a 35%","Levantamento da XP mostra que a trajetória vem caindo desde fevereiro, quando o trabalho do presidente era aprovado por 40% da população",2019-04-05 12:56:34
Thais Reis Oliveira,https://www.cartacapital.com.br/politica/apos-denuncia-governo-diz-a-onu-que-nao-houve-golpe-militar-no-brasil/,"O telegrama foi revelado em primeira mão pela  e confirmado posteriormente por CartaCapital. Diz o texto que “não houve golpe militar” em 1964 no Brasil, e que a tomada do poder pelas Forças Armadas serviu para afastar ameaças de “uma tomada comunista”, além de “garantir a preservação das instituições nacionais, no contexto da Guerra Fria”.  O governo afirma ainda que “os anos 1960-70 foram um período de intensa mobilização de organizações terroristas de esquerda no Brasil e em toda a América Latina”, e que a derrubada de João Goulart foi apoiada pela “maioria dos brasileiros”.
Trata-se de uma resposta às  para Promoção da Verdade, Justiça, Reparação e Garantias de Não Repetição. Na sexta-feira 29, Savioli exigiu que Bolsonaro reconsiderasse seus planos de celebrar um regime que cometeu “crimes horrendos” é “imoral e inadmissível”.  O parecer de Savioli foi classificado como “sem fundamento”. O governo brasileiro pediu ainda que o relator “deve respeitar os processos nacionais e procedimentos internos em suas deliberações”.
Em sua defesa, o governo evocou defesa da liberdade de expressão e reforçou que a recomendação de Jair Bolsonaro para que os quartéis comemorassem a data “foi tomada com pleno respeito à lei nacional, incluindo a Constituição Federal”.  O apelo da autoridade da ONU ocorreu depois de uma . No pedido, as organizações alertam para uma “tentativa de modificar a narrativa sobre o golpe de 31 de março de 1964 no Brasil”, cuja principal atuação viria “através de instruções diretas do Gabinete da Presidência ao mais alto comando militar para transmitir uma mensagem positiva sobre o período, desconsiderando as atrocidades cometidas pelo respectivo regime.”
Também pegaram mal lá fora as declarações de Bolsonaro e do chanceler Ernesto Araújo sobre . Durante viagem a Israel, o presidente corroborou a tese de Araújo e afirmou categoricamente que o nazismo é de esquerda: afinal, o partido de Hitler tinha  no nome.
Representantes de partidos políticos da Alemanha comentaram o caso ao blog do jornalista Jamil Chade, do  e atacaram o presidente. A deputada Yasmin Fahimi, do Partido Social-Democrata, lembrou que “os nazistas também usaram o termo ‘social’ como uma máscara para seu real programa político” e disse que Bolsonaro, ao usar essas mesmas estratégias, faz “ridicularização inaceitável das vítimas que foram mortas pelos nazistas”. O PSD, vale lembrar, faz parte da coalizão que governa a Alemanha e tem papel importante nos assuntos internacionais do país.
",Política,"Em carta, governo diz à ONU que não houve golpe militar no Brasil","Conforme o telegrama enviado à entidade, tomada do poder pelas Forças Armadas serviu para afastar uma ",2019-04-04 19:10:23
Fernanda Orsomarzo,https://www.cartacapital.com.br/opiniao/independencia-funcional-ou-morte/,"







  
Dentre os pressupostos do regime democrático inaugurado pela Constituição de 1988, tem-se a previsão de uma magistratura independente e imparcial. Ora, sendo o Poder Judiciário guardião último dos direitos e garantias fundamentais, revela-se de especial importância que seus membros sejam independentes em suas convicções, assegurando-se o acesso do cidadão a uma ordem jurídica justa, imune a eventuais pressões ou interesses externos.
Portanto, a garantia de independência do Poder Judiciário não constituiu privilégio dos juízes, mas prerrogativa popular. Noutras palavras, a decisão devidamente fundamentada com base na convicção do magistrado da causa e em observância às obrigações inerentes ao cargo deve ser respeitada enquanto conquista democrática, o que não impede sua revisão por meio de recurso próprio. Violar a autonomia do julgador em dizer o direito ao caso concreto significa violar o próprio Estado Democrático de Direito.
Não há como aceitar que a judicatura seja intimidada pelo raso discurso do senso comum, incapaz de perceber que no mundo real a lógica simplista “bem x mal” não é suficiente para a resolução de conflitos. O julgar, quando feito com responsabilidade e maturidade, extravasa essa noção. A vida é complexa e demanda a análise de inúmeras circunstâncias e particularidades, não sendo possível encaixar indivíduos em módulos pré-concebidos e fabricados de acordo com uma única visão de mundo.
Ministro Celso de Mello

Após quase cinco anos de magistratura, constato que poucas foram as vezes em que dúvidas não acompanharam meu dia-a-dia. Elas – as dúvidas – me perseguem durante todo o tempo, aparecendo, acreditem, até mesmo em sonho. A responsabilidade do julgar o próximo pesa nos ombros e demanda reflexão constante. Durmo com muitas dúvidas sobre a melhor forma de dizer o direito em casos que aguardam minha análise. Mas jamais durmo com medo. O dia em que sentir receio do julgar, a magistratura estará morta em mim.
",Opinião,Independência funcional ou morte,São constantes os episódios envolvendo ataques pessoais quando a decisão prolatada destoa do que o clamor popular espera,2019-04-03 13:15:55
Thais Reis Oliveira,https://www.cartacapital.com.br/politica/lavagem-de-dinheiro-por-apartamento-torna-temer-reu-pela-terceira-vez/,"A denúncia havia sido oferecida há dois dias pelo Ministério Público Federal em São Paulo e está no bojo da Operação Descontaminação, que investiga desvios na Eletronuclear — e motivou a     De acordo com os procuradores, o apartamento de Maristela teve uma reforma de 1,6 milhão paga com dinheiro de propina da Engevix, por intermédio do Coronel Lima e de Maria Rita. A empresa teria se beneficiado de contratos com Angra III, em obras há 35 anos.
A Lava Jato afirma que as obras ocorreram entre 2013 e 2014 e foram bancadas com dinheiro de corrupção e desvios que teriam ocorrido entre 2012 e 2016. O caso tramitava no Supremo Tribunal Federal (STF) e foi remetido para São Paulo em janeiro, depois que Temer perdeu o foro especial ao deixar a Presidência.    É a terceira vez que Temer ganha um passe para o banco dos réus desde que foi preso. Há dois dias, o juiz Marcelo Bretas acatou duas denúncias do MPF do Rio de Janeiro contra o ex-presidente por corrupção, lavagem de dinheiro e peculato no caso da Eletronuclear.
No dia 28, a justiça de Brasília o tornou réu por corrupção passiva no caso da  A denúncia existe desde 2017, mas só se tornou ação penal depois que ele perdeu o foro especial.
",Política,Lavagem de dinheiro por apartamento torna Temer réu pela terceira vez,"Filha do ex-presidente, o coronel Lima e a esposa dele, Maria Rita Fratezi, também serão processados",2019-04-04 20:34:55
Redação,https://www.cartacapital.com.br/politica/em-live-com-moro-bolsonaro-fala-tres-minutos-sobre-piscicultura/,"O assunto teve mais atenção que a reforma da Previdência — 2 minutos e 32 segundos, dos quais 37 segundos serviram para rebater informações que circularam na imprensa. Sobre a reunião que teve mais cedo com partidos do centrão, disse que “não tratou de cargos” e garantiu que não gravou conversas com os políticos.Sergio Moro falou pouco. Inicialmente, citou dados da Operação Luz na Infância, de combate à pedofilia e falou a tramitação do pacote anticrime. Também aproveitou para divulgar seu recém-criado perfil no Twitter. “Se não der certo, a culpa é do Bolsonaro.”O paranaense se demorou mais ao citar a operação Aliança, que derrubou dez toneladas de maconha ainda no pé. Segundo ele, a ideia é repetir e intensificar esse tipo de operação ao longo do ano, porque a operação tem “um potencial muito grande para afastar as drogas da população brasileira”.Em meio a elogios a Israel, Bolsonaro destacou uma parceria com o país para fomentar o cultivo de peixes. O presidente prometeu enviar universitários a intercâmbios de curta duração no país, para que eles aprendam técnicas de criação de peixes e técnicas de combate à seca, como o gotejamento.Também estaria em curso, segundo Bolsonaro, uma parceria com o Paraguai. “Quando estivemos em Itaipu, nós levantamos junto ao presidente usar o mar de água doce para cultivo de peixes. Foi feito o contato na hora. Nessa semana ou semana que vem, vão se encontrar para criar, em cercadinhos, tilápia e outros peixes que podem ser criados aí”, disse.O general Augusto Heleno, chefe do Gabinete de Segurança Institucional, também participou do encontro. Em uma longa declaração, de 2 minutos e 42 segundos, Heleno procurou colocou panos quentes nas críticas à postura do Brasil em relação ao mundo árabe, estremecida pelo alinhamento com Israel. “A comunidade árabe é numerosíssima, eles são nossos parceiros econômicos e isso não será afetado pela visita a Israel, vamos continuar a cultivar esse relacionamento com a comunidade árabe.”",Política,"Em “live” com Moro, Bolsonaro fala três minutos sobre… piscicultura",Assunto teve mais atenção que a Reforma da Previdência e pacote anticrime,2019-04-04 23:50:13
Alexandre Putti,https://www.cartacapital.com.br/sociedade/documentario-resgata-olhares-sobre-a-ditadura-e-a-lei-de-anistia-assista%ef%bb%bf/,"Há 55 anos, a democracia brasileira foi golpeada. Os militares tiraram o presidente democraticamente eleito, João Goulart, e assumiram a presidência da república de forma ditatorial.


 A Constituição brasileira foi rasgada e houve a assinatura do Ato Institucional nº 1. No mesmo dia foi empossado interinamente o presidente da Câmara, Ranieri Mazzilli.  

Com a repressão, surgiram grupos de resistência armada. Para combater esses grupos, mais repressões, prisões, torturas. Criou-se um cenário de ebulição, com instabilidade econômica e as ruas pulsando em busca de liberdade.

  Neste cenário, João Figueiredo decretou a Lei de Anistia, que perdoava os presos políticos, permitia que os anistiados voltassem ao país e dava perdão judicial aos militares que cometeram crimes durante o regime.


É este o tema do documentário “Olhares Anistia”, do diretor Cleonildo Cruz, lançado neste domingo 31. O filme traz duas visões sobre a luta armada na ditadura e a lei de anistia. O diretor conversa tanto com os militantes e presos políticos da época quanto com os militares que faziam parte do regime.
  
A lei é uma polêmica que se arrasta até os dias de hoje. Em 2010, o STF recusou uma mudança e manteve o texto como foi proposto em 79. Na prática, isso faz com que os militares que mataram e torturaram durante a ditadura não sejam julgados nem penalizados.


O Brasil é um dos únicos países que não julgou os militares que participaram de um regime ditatorial.


Outros temas abordados no documentário são: a luta armada, as lacunas abertas do assassinato dos ex-presidentes João Goulart e Juscelino Kubitschek, a explosão da bomba no aeroporto dos Guararapes em Recife, relatório Final da Comissão Nacional da Verdade, a busca para uma justiça de transição e não apenas o resgate histórico.  


“A multiplicidade olhares mostra uma anistia inconclusa. Não houve justiça na responsabilização da criminalidade estatal praticadas pelos agentes civis e militares”, disse o diretor. 

",Sociedade,Documentário resgata olhares sobre a ditadura e a Lei de Anistia. Assista﻿,O Brasil é um dos únicos países que não julgou os militares que participaram de um regime ditatorial,2019-03-31 11:07:47
Thais Reis Oliveira,https://www.cartacapital.com.br/politica/michel-temer-se-torna-reu-na-forca-tarefa-da-lava-jato-do-rio/,"Esta é a segunda vez que Michel Temer é implicado na Justiça desde que foi preso, no dia 21 de março. No dia 28, a justiça de Brasília o tornou réu por corrupção passiva no caso da  A denúncia existe desde 2017, mas só se tornou ação penal depois que ele perdeu o foro especial ao deixar a Presidência.  Temer passou quatro dias na cadeia, e foi solto por um concedido pelo desembargador Ivan Athié. Na decisão, Athié  para mantê-lo preso, e que a prisão preventiva havia se convertido em antecipação de pena. Ontem, o MPF pediu que o emedebista e outros sete beneficiados pela decisão 
Também nesta terça-feira, o Ministério Público Federal em São Paulo apresentou denúncia contra o ex-presidente e Maristela, sua filha, por lavagem de dinheiro, agravado por associação criminosa. O caso tramitava no Supremo Tribunal Federal (STF) e foi remetido para São Paulo em janeiro, quando Temer perdeu o foro especial.  A denúncia está no bojo da Operação Descontaminação, que investiga desvios na Eletronuclear, e motivou a prisão de Temer há doze dias. De acordo com os procuradores, o apartamento de Maristela, que fica em São Paulo, teve uma reforma paga com dinheiro de propina da Engevix. A empresa teria se beneficiado de contratos com Angra III, em obras há 35 anos.
O Coronel Lima e sua esposa, Maria Rita Fratezi, também foram denunciados. Segundo a PF, documentos indicam que o casal cuidou pessoalmente da reforma.  O criminalista Eduardo Carnelós, advogado de Temer, afirmou em nota que o emedebista jamais recebeu vantagem indevida e, por isso, não poderia ter lavado dinheiro ilícito. Carnelós questionou que, enquanto estava no STF, dizia-se que a verba usada na reforma teria sido paga por um delator sem relação com a Eletronuclear, mas que agora aparece relacionado a um delator associado à empresa. “Apesar disso, nenhuma das denúncias oferecidas depois pelo MPF/RJ imputou esses fatos, que, agora, surgem na acusação formulada pelo MPF/SP.”
 
",Política,Temer se torna réu por corrupção no caso da Eletronuclear,"Ex-presidente é acusado ainda por lavagem de dinheiro e peculato; outros doze envolvidos, incluindo Moreira Franco, também foram implicados",2019-04-02 20:47:48
Redação,https://www.cartacapital.com.br/politica/apos-gafe-de-moro-conge-ganha-definicao-no-dicionario-informal/,"Alguém me explica o que é :
“CONGE”
“agir SOBRE a violenta emoção….”
“VIM a ser condenada”
Esse é o fino português do exemplar de Juiz da república de Curitiba
“In dubio PAU no réu”    — Walter (@WalterAugustoF) 
Com a chancela ministerial do superministro, o termo foi adicionado ao Dicionário Informal, site que define palavras não encontradas no vocabulário tradicional. “Uma iniciativa de documentar on-line a evolução do português”, diz a definição do portal.  
Na comissão do Senado, Moro voltou a defender o endurecimento das punições a crimes de corrupção e a crimes contra a vida, foco do pacote anticrime apresentado por ele ao Congresso em fevereiro.
",Política,"Após gafe de Moro, “conge” ganha definição no Dicionário Informal",O ex-juiz da Lava Jato deu uma escorregada no Português ao pronunciar a palavra cônjuge durante sessão na CCJ do Senado,2019-04-04 16:31:56
Joanna Burigo,https://www.cartacapital.com.br/diversidade/o-que-o-patriarcado-nos-ensina-sobre-as-mentiras-de-bolsonaro/,"A matéria sobre as declarações estapafúrdias do  acerca da localização político-ideológica do nazismo foi publicada antes mesmo que o presidente Jair Bolsonaro contundentemente confirmasse o delírio, e situa a origem da vazia polêmica na produção de .
Quando publiquei o termo pela primeira vez, ainda em 2016, expliquei que se  é a palavra que conceitua o emprego de práticas políticas coercitivas,  seria um desdobramento adequado para a política institucional dos nossos tempos e pagos, já temperada na mistura do mal com atraso e pitadas de psicopatia, e sendo forjada pelo desligamento proposital com qualquer traço de realidade.
São de conhecimento público algumas das técnicas características desta fase do acirramento acelerado de um projeto transnacional de poder, que soa como fascismo e tem forma de . Falo de coisas como análise de  aplicada ao emprego das redes sociais para pulverização personalizada de  e , por exemplo. Soa sofisticado, e é mesmo, porém, os termos não deixam de ser uma “gourmetização” das boas e velhas e .
Agindo conforme o legado do gênio da propaganda nazista Joseph Goebbels, muitos dos corpos masculinos e brancos correntemente (e constantemente, e nunca não) ocupando os assentos mais valiosos da política institucional vêm manipulando opinião pública com a repetição de mentiras até que estas se tornem verdades. Esta é uma tática tão velha como parafrasear Nietzsche dizendo que tudo está sujeito a interpretação, e que a que prevalece resulta do poder e não da realidade.  Uma forma notória que o poder tem de manipular e mentir para impor verdades é a propaganda, este termo técnico da teoria da comunicação que nomeia o conjunto de dispositivos simbólicos que implantam ideais como discurso.
Política é disputa, o material da política é o simbólico, e na  estão em jogo sobretudo significados., kit gay e mamadeira de piroca foram apenas três das muitas mentiras que fomentaram o sem-fim de  que sustentaram e ainda sustentam a  em que estamos metidos desde antes que qualquer ideal de democracia tenha sido triturado pela institucionalização, e por eleição, de sujeitos que se valem de mitologia patriarcal para estarem no poder. Terra plana, vacinas causando autismo, globalismo, a doutrinação marxista nas escolas – claramente um resultado do comunismo no Brasil, onde tampouco houve uma ditadura militar – aquecimento global ser invenção, ciência e opinião terem o mesmo valor: foram muitas as mentiras que precederam e moldaram nosso atual estado de coisas.
Bolsonaro parece ainda estar em campanha. Não assume a responsabilidade básica de um chefe de estado, que é governar para todo povo, e ao invés disso fomenta animosidade nas redes sociais entre brasis fabricados. Parece presidente de mentirinha, e mentir ele mente:  que ele deu 132 declarações falsas ou distorcidas nos três primeiros meses de governo.
Não abraço a narrativa de que estamos passando vergonha internacionalmente, não por isso não ser verdade, nem porque não somos os únicos (, mas porque vergonha é o sentimento mais irrelevante que me atravessa nestes tempos em que a catástrofe  é generalizada e veloz. Um salve, então, para nossa competência em fazer a narrativa ao menos soar tragicômica, como no 1º de abril, quando uma das  do Twitter nacional era.  Bolsonaro não mente, no entanto, sobre sua devoção ao mentor , outro mentiroso e . O mesmo Donald Trump que, num passado não tão distante, exigiu publicamente um certificado de nascimento de Barack Obama, esta semana mentiu descaradamente ao dizer que o pai, cria do Bronx, nasceu na Alemanha.
. Podem ser psicopatas ou narcisistas, mas este diagnóstico deixo para especialistas. O que se pode ver, por estar patente como técnica, é a propaganda que empregam para desestabilizar consensos sobre a realidade. Este tipo de tática é comum às instituições patriarcais, precede a , e nem sempre é lida como propaganda – mas minha hipótese é de que é assim que se dá a difusão de valores patriarcais.
A construção narrativa da bruxa, para dar apenas um exemplo, eclipsou a realidade destas serem mulheres independentes e detentoras de saberes medicinais e agrícolas com, digamos,  medievais sobre seres diabólicos operando forças ocultas. E é próprio do pensamento feminista tratar a heterossexualidade e a monogamia não como naturais nem essenciais, mas como criações culturais para a manutenção do poder dos homens, ambas como garantia da manutenção da propriedade pela garantia genética. (E aqui me sinto compelida a fazer uma ressalva: por serem construções culturais, é escorregadio discuti-las pelo viés do desejo, onde são tão válidas quanto outros arranjos de sexualidade consentida e organizações individuais de vida e afeto, mas isso abre outra conversa.)
A base da assim como a base do patriarcado, é fantasiosa. A sustentação de ambos não requer compromisso com a realidade. Pelo contrário: é absolutamente indispensável algum desligamento dela.
Mentiras e manipulação sobre quem vive realidades diferentes de qualquer que seja a narrativa de interesse do poder são excelentes modos de justificar sua aniquilação.Se a narrativa é fantasiosa, é compreensível que mentiras e manipulação sejam fundamentais para sua manutenção. Existe uma lógica aí. É perversa, mas é uma lógica. Por exemplo, se a fantasia é que “lugar de mulher é no lar”, a mentira naturalizada é de que a culpa é dela se sofrer consequências de não estar no lar. Se a bruxa é maligna, fica justificado livrarmo-nos delas. Se o nazismo é de esquerda, tudo bem aniquilar esquerdistas.
O absurdo argumento de que nazismo é de esquerda é como a fantasiosa sugestão de que bruxas voam em vassouras: são proferidas como discurso oficial para efeitos de manipulação da realidade. É surrealismo, e como o surrealismo tende a ser, é fabricado.
Na , tanto ou mais do que disputar verdades sobre sentidos, é importante compreender os jogos onde o sentido é a própria essência da disputa. Alguns jogos não se jogam. Mais vale revelar seus tabuleiros, identificar seus  e interceptar suas regras injustas. Por enquanto eles venceram. Mas o sinal não está fechado para abrirmos o jogo.
",Diversidade,O que o patriarcado nos ensina sobre as mentiras de Bolsonaro,"Se a narrativa é fantasiosa, é compreensível que mentiras e manipulação sejam fundamentais para sua manutenção",2019-04-04 17:30:11
Carol Scorce,https://www.cartacapital.com.br/diversidade/chicago-elege-a-primeira-prefeita-negra-e-lesbica/,"A partir de 20 de maio, a terceira maior cidade dos Estados Unidos, Chicago, será administrada por uma mulher negra e lésbica, a primeira na história do país. A ex-promotora federal Lori Lightfoot, de 56 anos, derrotou na terça-feira 2 Toni Preckwinkle.
A ex-procuradora federal, que nunca antes havia disputado um cargo eletivo, conseguiu 74% dos votos contra os 26% de Toni Preckwinkle, também negra e lésbica. “Vocês não se limitaram a fazer história, criaram um movimento de mudança”, disse Lightfoot a centenas de apoiadores. Preckwinkle manifestou o seu apoio à também democrata: “Trata-se de seguir o caminho em frente”.
Lightfoot nunca ocupou um cargo político, enquanto Preckwinkle, de 72 anos, foi vereadora da cidade durante quase duas décadas antes de se tornar presidente do conselho de Cook County em 2010. A prefeita eleita promete acabar com a corrupção e tornar as ruas da cidade novamente seguras. “Podemos e vamos reconstruir Chicago”, afirmou.
Nos Estados Unidos, apenas 6% dos presidentes de Câmara (prefeitos e prefeitas) nas 200 maiores cidades americanas são mulheres negras, de acordo com a plataforma Reflective Democracy Campaign, citada pela agência de notícias .
Lightfoot e Preckwinkle, ambas democratas, foram ao segundo turno das eleições depois de conseguirem as melhores votações entre os 14 candidatos nas eleições de fevereiro. Lightfoot substituirá Rahm Emanuel, que não se candidatou a um terceiro mandato na Câmara.
A recém-eleita, ex-presidente do corpo civil independente do Conselho da Polícia de Chicago, herda enormes desafios fiscais. Entre eles encontra-se um passivo não capitalizado de 28 milhões de dólares (cerca de 25 milhões de euros) dos quatro sistemas de reforma na cidade, além de uma crescente contribuição anual para o fundo de pensões que irá atingir os 2 milhões de dólares (1,8 milhão de euros) em 2023, sintetiza a Reuters.
Lightfoot também terá de lidar com um défict orçamental estimado em 252 milhões de dólares (225 milhões de euros) para o ano fiscal de 2020, juntamente com contratos de trabalho com sindicatos da polícia, bombeiros e professores que já expiraram ou estão em vias de expirar.  A nova prefeita não vai ter descanso se quiser mesmo resolver os problemas da cidade de quase 3 milhões de habitantes. Chicago é campeã em homicídios nos Estados Unidos, com cerca de 540 assassinatos por ano. Apesar de os homicídios em Chicago terem diminuído no ano passado, menos de um em cada cinco ficou resolvido.
Também é uma das cidades americanas com maior disparidade econômica e social entre os grupos raciais. Brancos, negros e latinos têm praticamente a mesma representação demográfica na cidade. Cada um desses grupos representa cerca de 30% da população, mas os negros e os latinos ainda vivem como minorias em Chicago, pois não contam com as mesmas perspectivas socioeconômicas dos brancos.
Preckwinkle ofereceu o seu apoio à rival vitoriosa. “Não há muito tempo, duas mulheres afroamericanas a disputarem este lugar seria impensável. Embora possa ser verdade que tomámos caminhos diferentes para aqui chegar, esta noite trata-se de seguir o caminho em frente”, disse.
As duas candidatas, ambas da ala esquerda dos democratas, competiram com programas reformistas progressistas e promessas de fazer uma limpeza no governo da cidade e reduzir as desigualdades econômicas.
Com informações da Deutsche Welle e RFI
",Diversidade,Chicago elege a primeira prefeita negra e lésbica,"Lori Lightfoot, ex-promotora federal, venceu Toni Preckwinkle, também afro-americana, e irá governar uma das cidades mais violentas dos EUA",2019-04-03 14:26:49
author,url,text,section,title,sub_title,date
Joanna Burigo,https://www.cartacapital.com.br/diversidade/o-que-o-patriarcado-nos-ensina-sobre-as-mentiras-de-bolsonaro/,"A matéria sobre as declarações estapafúrdias do  acerca da localização político-ideológica do nazismo foi publicada antes mesmo que o presidente Jair Bolsonaro contundentemente confirmasse o delírio, e situa a origem da vazia polêmica na produção de .
Quando publiquei o termo pela primeira vez, ainda em 2016, expliquei que se  é a palavra que conceitua o emprego de práticas políticas coercitivas,  seria um desdobramento adequado para a política institucional dos nossos tempos e pagos, já temperada na mistura do mal com atraso e pitadas de psicopatia, e sendo forjada pelo desligamento proposital com qualquer traço de realidade.
São de conhecimento público algumas das técnicas características desta fase do acirramento acelerado de um projeto transnacional de poder, que soa como fascismo e tem forma de . Falo de coisas como análise de  aplicada ao emprego das redes sociais para pulverização personalizada de  e , por exemplo. Soa sofisticado, e é mesmo, porém, os termos não deixam de ser uma “gourmetização” das boas e velhas e .
Agindo conforme o legado do gênio da propaganda nazista Joseph Goebbels, muitos dos corpos masculinos e brancos correntemente (e constantemente, e nunca não) ocupando os assentos mais valiosos da política institucional vêm manipulando opinião pública com a repetição de mentiras até que estas se tornem verdades. Esta é uma tática tão velha como parafrasear Nietzsche dizendo que tudo está sujeito a interpretação, e que a que prevalece resulta do poder e não da realidade.  Uma forma notória que o poder tem de manipular e mentir para impor verdades é a propaganda, este termo técnico da teoria da comunicação que nomeia o conjunto de dispositivos simbólicos que implantam ideais como discurso.
Política é disputa, o material da política é o simbólico, e na  estão em jogo sobretudo significados., kit gay e mamadeira de piroca foram apenas três das muitas mentiras que fomentaram o sem-fim de  que sustentaram e ainda sustentam a  em que estamos metidos desde antes que qualquer ideal de democracia tenha sido triturado pela institucionalização, e por eleição, de sujeitos que se valem de mitologia patriarcal para estarem no poder. Terra plana, vacinas causando autismo, globalismo, a doutrinação marxista nas escolas – claramente um resultado do comunismo no Brasil, onde tampouco houve uma ditadura militar – aquecimento global ser invenção, ciência e opinião terem o mesmo valor: foram muitas as mentiras que precederam e moldaram nosso atual estado de coisas.
Bolsonaro parece ainda estar em campanha. Não assume a responsabilidade básica de um chefe de estado, que é governar para todo povo, e ao invés disso fomenta animosidade nas redes sociais entre brasis fabricados. Parece presidente de mentirinha, e mentir ele mente:  que ele deu 132 declarações falsas ou distorcidas nos três primeiros meses de governo.
Não abraço a narrativa de que estamos passando vergonha internacionalmente, não por isso não ser verdade, nem porque não somos os únicos (, mas porque vergonha é o sentimento mais irrelevante que me atravessa nestes tempos em que a catástrofe  é generalizada e veloz. Um salve, então, para nossa competência em fazer a narrativa ao menos soar tragicômica, como no 1º de abril, quando uma das  do Twitter nacional era.  Bolsonaro não mente, no entanto, sobre sua devoção ao mentor , outro mentiroso e . O mesmo Donald Trump que, num passado não tão distante, exigiu publicamente um certificado de nascimento de Barack Obama, esta semana mentiu descaradamente ao dizer que o pai, cria do Bronx, nasceu na Alemanha.
. Podem ser psicopatas ou narcisistas, mas este diagnóstico deixo para especialistas. O que se pode ver, por estar patente como técnica, é a propaganda que empregam para desestabilizar consensos sobre a realidade. Este tipo de tática é comum às instituições patriarcais, precede a , e nem sempre é lida como propaganda – mas minha hipótese é de que é assim que se dá a difusão de valores patriarcais.
A construção narrativa da bruxa, para dar apenas um exemplo, eclipsou a realidade destas serem mulheres independentes e detentoras de saberes medicinais e agrícolas com, digamos,  medievais sobre seres diabólicos operando forças ocultas. E é próprio do pensamento feminista tratar a heterossexualidade e a monogamia não como naturais nem essenciais, mas como criações culturais para a manutenção do poder dos homens, ambas como garantia da manutenção da propriedade pela garantia genética. (E aqui me sinto compelida a fazer uma ressalva: por serem construções culturais, é escorregadio discuti-las pelo viés do desejo, onde são tão válidas quanto outros arranjos de sexualidade consentida e organizações individuais de vida e afeto, mas isso abre outra conversa.)
A base da assim como a base do patriarcado, é fantasiosa. A sustentação de ambos não requer compromisso com a realidade. Pelo contrário: é absolutamente indispensável algum desligamento dela.
Mentiras e manipulação sobre quem vive realidades diferentes de qualquer que seja a narrativa de interesse do poder são excelentes modos de justificar sua aniquilação.Se a narrativa é fantasiosa, é compreensível que mentiras e manipulação sejam fundamentais para sua manutenção. Existe uma lógica aí. É perversa, mas é uma lógica. Por exemplo, se a fantasia é que “lugar de mulher é no lar”, a mentira naturalizada é de que a culpa é dela se sofrer consequências de não estar no lar. Se a bruxa é maligna, fica justificado livrarmo-nos delas. Se o nazismo é de esquerda, tudo bem aniquilar esquerdistas.
O absurdo argumento de que nazismo é de esquerda é como a fantasiosa sugestão de que bruxas voam em vassouras: são proferidas como discurso oficial para efeitos de manipulação da realidade. É surrealismo, e como o surrealismo tende a ser, é fabricado.
Na , tanto ou mais do que disputar verdades sobre sentidos, é importante compreender os jogos onde o sentido é a própria essência da disputa. Alguns jogos não se jogam. Mais vale revelar seus tabuleiros, identificar seus  e interceptar suas regras injustas. Por enquanto eles venceram. Mas o sinal não está fechado para abrirmos o jogo.
",Diversidade,O que o patriarcado nos ensina sobre as mentiras de Bolsonaro,"Se a narrativa é fantasiosa, é compreensível que mentiras e manipulação sejam fundamentais para sua manutenção",2019-04-04 17:30:11
Thais Reis Oliveira,https://www.cartacapital.com.br/politica/apos-denuncia-governo-diz-a-onu-que-nao-houve-golpe-militar-no-brasil/,"O telegrama foi revelado em primeira mão pela  e confirmado posteriormente por CartaCapital. Diz o texto que “não houve golpe militar” em 1964 no Brasil, e que a tomada do poder pelas Forças Armadas serviu para afastar ameaças de “uma tomada comunista”, além de “garantir a preservação das instituições nacionais, no contexto da Guerra Fria”.  O governo afirma ainda que “os anos 1960-70 foram um período de intensa mobilização de organizações terroristas de esquerda no Brasil e em toda a América Latina”, e que a derrubada de João Goulart foi apoiada pela “maioria dos brasileiros”.
Trata-se de uma resposta às  para Promoção da Verdade, Justiça, Reparação e Garantias de Não Repetição. Na sexta-feira 29, Savioli exigiu que Bolsonaro reconsiderasse seus planos de celebrar um regime que cometeu “crimes horrendos” é “imoral e inadmissível”.  O parecer de Savioli foi classificado como “sem fundamento”. O governo brasileiro pediu ainda que o relator “deve respeitar os processos nacionais e procedimentos internos em suas deliberações”.
Em sua defesa, o governo evocou defesa da liberdade de expressão e reforçou que a recomendação de Jair Bolsonaro para que os quartéis comemorassem a data “foi tomada com pleno respeito à lei nacional, incluindo a Constituição Federal”.  O apelo da autoridade da ONU ocorreu depois de uma . No pedido, as organizações alertam para uma “tentativa de modificar a narrativa sobre o golpe de 31 de março de 1964 no Brasil”, cuja principal atuação viria “através de instruções diretas do Gabinete da Presidência ao mais alto comando militar para transmitir uma mensagem positiva sobre o período, desconsiderando as atrocidades cometidas pelo respectivo regime.”
Também pegaram mal lá fora as declarações de Bolsonaro e do chanceler Ernesto Araújo sobre . Durante viagem a Israel, o presidente corroborou a tese de Araújo e afirmou categoricamente que o nazismo é de esquerda: afinal, o partido de Hitler tinha  no nome.
Representantes de partidos políticos da Alemanha comentaram o caso ao blog do jornalista Jamil Chade, do  e atacaram o presidente. A deputada Yasmin Fahimi, do Partido Social-Democrata, lembrou que “os nazistas também usaram o termo ‘social’ como uma máscara para seu real programa político” e disse que Bolsonaro, ao usar essas mesmas estratégias, faz “ridicularização inaceitável das vítimas que foram mortas pelos nazistas”. O PSD, vale lembrar, faz parte da coalizão que governa a Alemanha e tem papel importante nos assuntos internacionais do país.
",Política,"Em carta, governo diz à ONU que não houve golpe militar no Brasil","Conforme o telegrama enviado à entidade, tomada do poder pelas Forças Armadas serviu para afastar uma ",2019-04-04 19:10:23
Redação,https://www.cartacapital.com.br/politica/apos-gafe-de-moro-conge-ganha-definicao-no-dicionario-informal/,"Alguém me explica o que é :
“CONGE”
“agir SOBRE a violenta emoção….”
“VIM a ser condenada”
Esse é o fino português do exemplar de Juiz da república de Curitiba
“In dubio PAU no réu”    — Walter (@WalterAugustoF) 
Com a chancela ministerial do superministro, o termo foi adicionado ao Dicionário Informal, site que define palavras não encontradas no vocabulário tradicional. “Uma iniciativa de documentar on-line a evolução do português”, diz a definição do portal.  
Na comissão do Senado, Moro voltou a defender o endurecimento das punições a crimes de corrupção e a crimes contra a vida, foco do pacote anticrime apresentado por ele ao Congresso em fevereiro.
",Política,"Após gafe de Moro, “conge” ganha definição no Dicionário Informal",O ex-juiz da Lava Jato deu uma escorregada no Português ao pronunciar a palavra cônjuge durante sessão na CCJ do Senado,2019-04-04 16:31:56
VALDETE SOUTO SEVERO,https://www.cartacapital.com.br/opiniao/o-que-e-isso-reforma-da-previdencia/,,Opinião,O que é isso: “Reforma” da Previdência?,"Como no Chile de Pinochet, a verdadeira alteração das regras da previdência é a mudança do sistema de solidariedade para o de capitalização.",2019-04-02 18:35:53
Redação,https://www.cartacapital.com.br/politica/em-live-com-moro-bolsonaro-fala-tres-minutos-sobre-piscicultura/,"O assunto teve mais atenção que a reforma da Previdência — 2 minutos e 32 segundos, dos quais 37 segundos serviram para rebater informações que circularam na imprensa. Sobre a reunião que teve mais cedo com partidos do centrão, disse que “não tratou de cargos” e garantiu que não gravou conversas com os políticos.Sergio Moro falou pouco. Inicialmente, citou dados da Operação Luz na Infância, de combate à pedofilia e falou a tramitação do pacote anticrime. Também aproveitou para divulgar seu recém-criado perfil no Twitter. “Se não der certo, a culpa é do Bolsonaro.”O paranaense se demorou mais ao citar a operação Aliança, que derrubou dez toneladas de maconha ainda no pé. Segundo ele, a ideia é repetir e intensificar esse tipo de operação ao longo do ano, porque a operação tem “um potencial muito grande para afastar as drogas da população brasileira”.Em meio a elogios a Israel, Bolsonaro destacou uma parceria com o país para fomentar o cultivo de peixes. O presidente prometeu enviar universitários a intercâmbios de curta duração no país, para que eles aprendam técnicas de criação de peixes e técnicas de combate à seca, como o gotejamento.Também estaria em curso, segundo Bolsonaro, uma parceria com o Paraguai. “Quando estivemos em Itaipu, nós levantamos junto ao presidente usar o mar de água doce para cultivo de peixes. Foi feito o contato na hora. Nessa semana ou semana que vem, vão se encontrar para criar, em cercadinhos, tilápia e outros peixes que podem ser criados aí”, disse.O general Augusto Heleno, chefe do Gabinete de Segurança Institucional, também participou do encontro. Em uma longa declaração, de 2 minutos e 42 segundos, Heleno procurou colocou panos quentes nas críticas à postura do Brasil em relação ao mundo árabe, estremecida pelo alinhamento com Israel. “A comunidade árabe é numerosíssima, eles são nossos parceiros econômicos e isso não será afetado pela visita a Israel, vamos continuar a cultivar esse relacionamento com a comunidade árabe.”",Política,"Em “live” com Moro, Bolsonaro fala três minutos sobre… piscicultura",Assunto teve mais atenção que a Reforma da Previdência e pacote anticrime,2019-04-04 23:50:13
Thais Reis Oliveira,https://www.cartacapital.com.br/politica/lavagem-de-dinheiro-por-apartamento-torna-temer-reu-pela-terceira-vez/,"A denúncia havia sido oferecida há dois dias pelo Ministério Público Federal em São Paulo e está no bojo da Operação Descontaminação, que investiga desvios na Eletronuclear — e motivou a     De acordo com os procuradores, o apartamento de Maristela teve uma reforma de 1,6 milhão paga com dinheiro de propina da Engevix, por intermédio do Coronel Lima e de Maria Rita. A empresa teria se beneficiado de contratos com Angra III, em obras há 35 anos.
A Lava Jato afirma que as obras ocorreram entre 2013 e 2014 e foram bancadas com dinheiro de corrupção e desvios que teriam ocorrido entre 2012 e 2016. O caso tramitava no Supremo Tribunal Federal (STF) e foi remetido para São Paulo em janeiro, depois que Temer perdeu o foro especial ao deixar a Presidência.    É a terceira vez que Temer ganha um passe para o banco dos réus desde que foi preso. Há dois dias, o juiz Marcelo Bretas acatou duas denúncias do MPF do Rio de Janeiro contra o ex-presidente por corrupção, lavagem de dinheiro e peculato no caso da Eletronuclear.
No dia 28, a justiça de Brasília o tornou réu por corrupção passiva no caso da  A denúncia existe desde 2017, mas só se tornou ação penal depois que ele perdeu o foro especial.
",Política,Lavagem de dinheiro por apartamento torna Temer réu pela terceira vez,"Filha do ex-presidente, o coronel Lima e a esposa dele, Maria Rita Fratezi, também serão processados",2019-04-04 20:34:55
Redação,https://www.cartacapital.com.br/politica/em-nova-pesquisa-aprovacao-de-bolsonaro-cai-ainda-mais-e-vai-a-35/,"A avaliação da população sobre o desempenho do presidente Jair Bolsonaro (PSL) está em franca queda. Segundo a pesquisa divulgada nesta sexta-feira 5 pela XP Investimentos, 35% aprovam o presidente.Segundo o levantamento, realizado de 1 a 3 de abril, as curvas de aprovação e reprovação mostram nitidamente uma trajetória ruim para Bolsonaro a partir de fevereiro, quando era aprovado por 40% dos que responderam à pesquisa da XP. Depois, em março, oscilou para 37%. Agora, está em 35%.  Na mesma medida, a reprovação a Bolsonaro só aumenta. Em fevereiro, o índice era de 17%, passando a 24% em março. Em abril, atingiu 26%, oscilação dentro da margem de erro, mas que confirma a trajetória de alta no indicador. A proporção dos que consideram o governo regular, 32%, se manteve entre março e abril. A margem de erro é de 3,2 pontos percentuais.  A pesquisa também analisou outros indicadores: as instituições que desfrutam da menor confiança ainda são os partidos políticos. Cerca de 89% dizem não confiar neles. Em oposição, as Forças Armadas são a instituição com o maior nível de confiança: 66% dizem que podem confiar nelas.  : oscilou 3 pontos para baixo a percepção da população de que a reforma é necessária, embora a maior parte continue defendendo a mudança. Em março, 64% concordavam com a afirmação de que é preciso fazer uma reforma da Previdência. Em abril, eram 61%.55% dos entrevistados responderam que o Brasil vive uma “nova política”. Do outro lado, 39% não concordam com essa interpretação.",Política,"Em nova pesquisa, aprovação de Bolsonaro cai ainda mais e vai a 35%","Levantamento da XP mostra que a trajetória vem caindo desde fevereiro, quando o trabalho do presidente era aprovado por 40% da população",2019-04-05 12:56:34
RFI,https://www.cartacapital.com.br/diversidade/convem-manter-as-mulheres-servis-na-igreja/,"“Acho que foi positiva a repercussão internacional da notícia nossa demissão em massa, mas então começaram os ataques a minha pessoa. Por exemplo, dois jornais diferentes publicaram no mesmo dia que eu era uma ultraconservadora que só admitia comandar e outro que eu era uma progressista que só queria revolucionar ”.
Durante uma coletiva nesta quarta-feira 3, na associação dos jornalistas estrangeiros (Stampa Estera) em Roma, Scaraffia, 70 anos, historiadora e jornalista católica feminista deu mais detalhes sobre os motivos que levaram a sua renúncia da revista. Criada há sete anos com a aprovação de Bento XVI, a publicação mensal é subordinada ao , o jornal oficial do . Entre as razões dela, está o embate com o novo diretor do vespertino, Andrea Monda, um professor de religião que escrevia sobre Vaticano no jornal italiano .
“Ele queria comandar o que nós deveríamos escrever. Ninguém me chamou para dirigir a revista, a ideia foi do nosso grupo de mulheres. Na nossa redação, o critério prioritário era de afinidade intelectual e nunca foram impostas condições. Quando o novo diretor entrou, parecia um elefante numa loja de cristais”, afirmou.  Scaraffia fundou a revista há sete anos graças ao então diretor do , Giovanni Maria Vian. Entre os dois há uma amizade pessoal e também foram colegas por muitos anos na Universidade de Roma, onde ambos ensinaram História. Vian deixou de dirigir o jornal do Vaticano em dezembro de 2018, e foi substituído por Monda.
“Não há mais condições de continuar nossa colaboração com o , reiterou Scaraffia, falando da falta de apoio da nova administração. E ressaltou sem meias palavras:
“Assim voltamos à seleção das mulheres que parte do topo, à escolha dos colaboradores que garantem a obediência, e desistimos de toda possibilidade de abrir um diálogo verdadeiro, livre e corajoso, entre as mulheres que amam a Igreja em liberdade e homens que fazem parte dela. Retornamos à autorreferência clerical e renunciamos àquela audácia tantas vezes pedida pelo Papa Francisco “.
Além de artigos sobre espiritualidade e teologia, a revista publicou temas feministas, como o de religiosas exploradas e servis, muitas vezes sem remuneração. Em fevereiro passado, Scaraffia escreveu um editorial abordando os problemas das religiosas estupradas, forçadas a abortar, ou a criar sozinhas seus filhos sem reconhecimento dos pais, e também expulsas de suas comunidades. Logo após, o Papa Francisco admitiu pela primeira vez o histórico de  e trabalhistas de padres e bispos contra freiras.  Interpelada sobre a sua opinião a respeito do aborto, respondeu: “Sou contra o , mas também sou contra a punição do aborto. Existe uma grande distinção entre pecado e crime na justiça civil”.
Segundo Scaraffia, o editorial que mais chocou o Vaticano foi em março de 2018, no qual denunciava a exploração servil de religiosas cometidos por sacerdotes. “Muitas freiras, principalmente as de países mais pobres, são tratadas como de segunda classe. Elas acabam não denunciando porque são desencorajadas pelas próprias congregações. Para muitos homens dentro da Igreja, convém manter as mulheres servis e obedientes, caso contrário eles teriam que pagar uma empregada doméstica”.
Mesmo depois da demissão em massa das redatoras da revista mensal, no último 1° de abril o diretor do  optou por publicar o editorial de Lucetta Scaraffia. Conforme assegurou Monda nos últimos dias, a história desta revista ligada ao Vaticano, não será interrompida. O diretor já fez uma reunião na redação para pensar no próximo número, convocando 17 teólogas e acadêmicas. Para ressaltar que a experiência do ponto de vista das mulheres na Igreja será retomada, mas com outras “vozes”.
“O cheiro” é o tema do número da última revista mensal assinada por Scaraffia e suas colaboradoras mais próximas, aprofundando o tema de cinco sentidos. A ex-editora garante que não vai sofrer com a demissão. Segundo ela, todas as redatoras da revista eram voluntárias sem remuneração.
“Eu sou professora aposentada e agora quero escrever um livro sobre a história da revolução sexual. Muitos jornais estrangeiros estão pedindo a minha colaboração, é o momento de refletir”.
",Diversidade,“Convém manter as mulheres servis na Igreja”,Lucetta Scaraffia rebate os ataques pessoais sofridos após liderar o pedido de demissão em massa da revista católica Donne Chiesa Mundo,2019-04-03 19:42:31
Deutsche Welle,https://www.cartacapital.com.br/mundo/pobreza-na-argentina-atinge-um-terco-da-populacao-urbana/,"Trata-se do número mais alto desde a crise econômica de 2001.
Na comparação com o segundo semestre de 2017, a pobreza urbana cresceu 6,3 pontos percentuais no país. São 8,9 milhões de argentinos vivendo nessa situação.
Além disso, 6,7% da população, ou 1,8 milhão de argentinos, vive abaixo do nível de indigência, um crescimento de 1,8 ponto percentual ante o semestre anterior.    São números que “doem”, admitiu o governo argentino. “A pobreza dói, claramente. Hoje é um dia triste, como foi ontem, como foi um ano atrás, porque lamentavelmente a pobreza é alta na Argentina há muitos anos”, disse a ministra de Desenvolvimento Social, Carolina Stanley.
Stanley afirmou que o governo do presidente , que chegou à Presidência no fim de 2015 com promessas de “pobreza zero”, trabalha “todos os dias para reverter essa situação” com ações focadas em dar “dignidade” a “cada uma das pessoas e cada uma das famílias que vivem assim”.
Os argentinos revivem o pesadelo da Era Menem (Foto: AFP)Um grupo de sindicalistas se manifestou às portas do Indec para protestar contra a política econômica de Macri e distribuiu 500 quilos de pão de graça, rejeitando simbolicamente o aumento da pobreza.
O empobrecimento da população coincide com a aceleração da , que encarece a cesta básica e serviços utilizados para medir a linha de indigência e pobreza. O índice de preços ao consumidor acumulou alta de 47,6% na Argentina no ano passado, maior avanço em 27 anos, diante de uma queda de 2,5% do Produto Interno Bruto.    Para calcular as cifras, o Indec leva em consideração o nível de vida nos 31 centros urbanos mais povoados do país, o que abrange 27,8 milhões de habitantes. A Argentina tem mais de 40 milhões de moradores.
O relatório publicado nesta quinta é o sexto sobre pobreza realizado pelo Indec desde que Macri chegou ao poder. Além disso, esta é a segunda vez nos últimos três anos que o instituto registra uma alta no índice de pobreza.
Apesar disso, Macri, que pode disputar a reeleição em outubro, assegurou na quarta-feira à mídia local que o governo “está no caminho correto”.
“Sou o primeiro a saber que todos tiveram que ajustar seu orçamento, que custa mais chegar ao fim do mês, mas este é o caminho da construção sobre bases sólidas”, disse.
Para encarar a crise econômica, Macri fez um acordo com o  para um empréstimo de 57 bilhões de dólares e se comprometeu a realizar um ajuste que permita ao país encerrar o ano em equilíbrio fiscal.
",Mundo,Pobreza na Argentina atinge um terço da população urbana,"O problema nas cidades afeta 8,9 milhões de argentinos e avança em paralelo à subida da inflação, que chegou a 47,6% no ano passado",2019-03-29 16:02:41
Carol Scorce,https://www.cartacapital.com.br/diversidade/chicago-elege-a-primeira-prefeita-negra-e-lesbica/,"A partir de 20 de maio, a terceira maior cidade dos Estados Unidos, Chicago, será administrada por uma mulher negra e lésbica, a primeira na história do país. A ex-promotora federal Lori Lightfoot, de 56 anos, derrotou na terça-feira 2 Toni Preckwinkle.
A ex-procuradora federal, que nunca antes havia disputado um cargo eletivo, conseguiu 74% dos votos contra os 26% de Toni Preckwinkle, também negra e lésbica. “Vocês não se limitaram a fazer história, criaram um movimento de mudança”, disse Lightfoot a centenas de apoiadores. Preckwinkle manifestou o seu apoio à também democrata: “Trata-se de seguir o caminho em frente”.
Lightfoot nunca ocupou um cargo político, enquanto Preckwinkle, de 72 anos, foi vereadora da cidade durante quase duas décadas antes de se tornar presidente do conselho de Cook County em 2010. A prefeita eleita promete acabar com a corrupção e tornar as ruas da cidade novamente seguras. “Podemos e vamos reconstruir Chicago”, afirmou.
Nos Estados Unidos, apenas 6% dos presidentes de Câmara (prefeitos e prefeitas) nas 200 maiores cidades americanas são mulheres negras, de acordo com a plataforma Reflective Democracy Campaign, citada pela agência de notícias .
Lightfoot e Preckwinkle, ambas democratas, foram ao segundo turno das eleições depois de conseguirem as melhores votações entre os 14 candidatos nas eleições de fevereiro. Lightfoot substituirá Rahm Emanuel, que não se candidatou a um terceiro mandato na Câmara.
A recém-eleita, ex-presidente do corpo civil independente do Conselho da Polícia de Chicago, herda enormes desafios fiscais. Entre eles encontra-se um passivo não capitalizado de 28 milhões de dólares (cerca de 25 milhões de euros) dos quatro sistemas de reforma na cidade, além de uma crescente contribuição anual para o fundo de pensões que irá atingir os 2 milhões de dólares (1,8 milhão de euros) em 2023, sintetiza a Reuters.
Lightfoot também terá de lidar com um défict orçamental estimado em 252 milhões de dólares (225 milhões de euros) para o ano fiscal de 2020, juntamente com contratos de trabalho com sindicatos da polícia, bombeiros e professores que já expiraram ou estão em vias de expirar.  A nova prefeita não vai ter descanso se quiser mesmo resolver os problemas da cidade de quase 3 milhões de habitantes. Chicago é campeã em homicídios nos Estados Unidos, com cerca de 540 assassinatos por ano. Apesar de os homicídios em Chicago terem diminuído no ano passado, menos de um em cada cinco ficou resolvido.
Também é uma das cidades americanas com maior disparidade econômica e social entre os grupos raciais. Brancos, negros e latinos têm praticamente a mesma representação demográfica na cidade. Cada um desses grupos representa cerca de 30% da população, mas os negros e os latinos ainda vivem como minorias em Chicago, pois não contam com as mesmas perspectivas socioeconômicas dos brancos.
Preckwinkle ofereceu o seu apoio à rival vitoriosa. “Não há muito tempo, duas mulheres afroamericanas a disputarem este lugar seria impensável. Embora possa ser verdade que tomámos caminhos diferentes para aqui chegar, esta noite trata-se de seguir o caminho em frente”, disse.
As duas candidatas, ambas da ala esquerda dos democratas, competiram com programas reformistas progressistas e promessas de fazer uma limpeza no governo da cidade e reduzir as desigualdades econômicas.
Com informações da Deutsche Welle e RFI
",Diversidade,Chicago elege a primeira prefeita negra e lésbica,"Lori Lightfoot, ex-promotora federal, venceu Toni Preckwinkle, também afro-americana, e irá governar uma das cidades mais violentas dos EUA",2019-04-03 14:26:49
Deutsche Welle,https://www.cartacapital.com.br/mundo/mexico-pede-que-espanha-e-vaticano-se-desculpem-por-colonizacao/,"O pedido foi enviado por carta ao rei da Espanha, Felipe 6º, e também ao Vaticano, segundo explicou o chefe de Estado mexicano num vídeo divulgado no Facebook na segunda-feira 25.
“A chamada ‘conquista’ foi realizada pela espada e pela cruz”, afirmou López Obrador. “Vamos fazer um relato do acontecido desde o início da ocupação, da invasão militar; os três séculos de colônia”, pediu o governante socialista, ao lembrar o 500º aniversário da Batalha de Centla, no estado de Tabasco (sudeste).
  Ocorrida em 14 de março de 1519, a batalha foi o primeiro choque armado entre os maias chontal e os espanhóis liderados por Hernán Cortés, que, após a vitória, continuaram seus avanços até a conquista da então capital do Império Asteca, Tenochtitlán, em 1521. A aglomeração ficava localizada onde hoje é a Cidade do México.
  “Mesmo que se negue, há feridas abertas. É melhor reconhecer que houve abusos e que erros foram cometidos. É melhor pedir perdão e, a partir disso, buscarmos juntos uma reconciliação histórica”, afirmou.
O governo espanhol rejeitou “com firmeza” o pedido e lamentou que López Obrador tenha tornado a carta pública. O gabinete do primeiro-ministro Pedro Sánchez explicou que os povos mexicano e espanhol sempre conseguiram avaliar sua história comum sem ódio e a partir de uma perspectiva construtiva. Segundo Sánchez, não se pode julgar a chegada dos espanhóis ao México a partir de “considerações contemporâneas”.
  Por sua vez, fontes do Palácio de La Zarzuela não quiseram comentar a carta dirigida por López Obrador ao monarca Felipe 6º, restringindo-se a mencionar a resposta emitida pelo governo espanhol. O líder do partido liberal Ciudadanos, Albert Rivera, considerou uma “ofensa intolerável ao povo espanhol” a carta do governante mexicano. O escritor e jornalista espanhol Arturo Pérez Reverte também criticou López Obrador, dizendo que é ele quem deve pedir desculpas, já que tem “sobrenome espanhol” e “vive lá” no México.  Já López Obrador pontuou que a ‘conquista’ não se trata apenas do encontro de duas culturas, mas que foi uma invasão durante a qual houve “atos de autoritarismo, de dominação” e que “uma cultura foi imposta a outra”, a ponto de igrejas católicas terem sido construídas por cima dos templos dos povos pré-hispânicos.
A partir de um pedido de perdão tanto da Espanha quanto da Igreja católica, López Obrador disse almejar uma “reconciliação histórica”, sem a intenção de “ressuscitar esses diferendos”. O presidente mexicano lembrou que o papa Francisco pediu perdão pela colonização na Bolívia, em 2015, “não apenas pelas ofensas da própria Igreja, como também pelos crimes contra os povos nativos durante a chamada conquista da América”.
Para López Obrador, o momento ideal para uma reconciliação histórica seria o ano de 2021, quando será lembrado o 500º aniversário da conquista de Tenochtitlán pelos espanhóis. Ele também afirmou que, na ocasião, o Estado mexicano deverá se desculpar pelos “abusos” cometidos contra os povos indígenas nos últimos 200 anos.
",Mundo,México pede que Espanha e Vaticano se desculpem por colonização,Presidente López Obrador enviou cartas exigindo retratação junto aos povos indígenas de seu país,2019-03-26 14:56:45
Deutsche Welle,https://www.cartacapital.com.br/mundo/em-mocambique-vitimas-estao-com-vidas-ameacadas-e-expostas-a-doencas/,"Os cinco casos foram confirmados em Munhava, um dos bairros mais pobres da cidade portuária da Beira, disse o diretor nacional de assistência médica no Ministério da Saúde, Ussene Issee. A cidade de 500 mil habitantes ainda encontra grandes dificuldades para fornecer água limpa e serviços de saneamento.“Haverá mais casos porque a cólera é epidêmica. Quando você tem um caso, pode esperar mais. Estamos implementando medidas preventivas para limitar o impacto”, disse Issee a jornalistas. Ele acrescentou que trabalhadores do setor de saúde estão lutando contra 2.700 casos de diarreia aguda, que pode ser um sintoma de cólera.Ciclone causou destruição e mortes em Moçambique, Zimbábue e Malawi (Foto: Wikus de Wet/ Unicef)Moçambique foi atingida pelo ciclone na noite de 14 de março, quando o Idai fustigou a Beira, na região central do país, levando os rios Buzi e Pungue a irromper de suas margens e deixar vilas inteiras alagadas, com corpos flutuando sobre as águas. Após ter passado por Moçambique, o Idai seguiu para o Zimbábue e o Malawi, onde também inundou vilas, destruiu casas e deixou um rastro de morte e destruição. Mais de 700 pessoas perderam a vida nos três países.Milhares de pessoas ficaram ilhadas por mais de uma semana em vilas inundadas sem acesso a água limpa. A Organização Mundial da Saúde alertou que uma segunda tragédia ocorrerá caso doenças transmitidas pela água, como a cólera, se espalhem pela região afetada.A doença se dissemina por meio da água e comida contaminadas, causa diarreia aguda e pode matar em questão de horas se não for tratada com soluções de reidratação ou fluidos intravenosos.Muitos sobreviventes estão vivendo em acampamentos abarrotados, escolas, igrejas e campos expostos à água estagnada. Algumas pessoas acabaram bebendo água nas ruas ou de poços contaminados, segundo a organização Médicos Sem Fronteiras, o que resultou em centenas de casos de diarreia aguda.“A escala extrema dos danos deve levar a um aumento dramático dos casos de doenças transmitidas pela água, infecções de pele, infecções de trato respiratório e malária nas próximas semanas”, disse o coordenador de emergência da ONG na Beira, Gert Verdonck.Segundo a OMS, 900 mil vacinas contra a cólera devem chegar à região ainda esta semana.Partes do sistema de fornecimento de água voltaram a funcionar, ao mesmo tempo em que o governo operava a entrega de água por caminhões. As operações de ajuda humanitária continuam a explorar formas de entregar assistência a partes da cidade que permanecem acessíveis apenas por via aérea ou marítima.A ONU pediu 282 milhões de dólares para ajudar 1,85 milhão de pessoas em Moçambique (Foto: Wikus de Wet/ Unicef)Em Munhava, médicos e enfermeiras abriram um novo centro, onde estão tratando cerca de 140 pacientes com diarreia por dia. Muitos chegam fracos demais sequer para andar.Lin Lovue, de 27 anos, disse ter levado seu filho para a clínica na terça-feira 26 depois de um dia de diarreia. Depois de uma hora no centro, a criança faleceu.“O maior desafio é a organização”, disse um coordenador da clínica que não quis ser identificado. “O sistema de saúde ficou completamente devastado após a tempestade e temos que restabelecer a capacidade rapidamente.”A Médicos Sem Fronteiras, que está coordenando um centro de emergência, abriu outros dois postos na Beira e está oferecendo consultoria através de clínicas móveis em diversos bairros.A ONU fez um apelo de emergência nesta terça-feira e pediu 282 milhões de dólares ao longo dos próximos três meses para ajudar 1,85 milhão de pessoas em Moçambique. Campanhas similares devem ser lançadas nos próximos dias no Zimbábue e no Malawi.",Mundo,"Em Moçambique, vítimas estão com vidas ameaçadas e expostas a doenças",Região afetada pelo ciclone Idai contabiliza mais de 700 mortes; OMS alerta para epidemia de cólera,2019-03-27 19:49:55
RFI,https://www.cartacapital.com.br/mundo/1o-trimestre-do-governo-bolsonaro-e-uma-bagunca-diz-revista-francesa/,"“Presidente do maior país da América Latina há quase cem dias, o ex-militar saudosista da ditadura ataca  e jornalistas e governa sem rumo com o seu clã”, lança a revista já na chamada do texto, assinado por Philippe Boulet-Gercourt, correspondente da revista nos Estados Unidos, por onde o líder brasileiro passou essa semana. Para o jornalista, Bolsonaro “continua sendo um mistério”.
  L’Obs explica que ao ser eleito por uma população com aspirações e motivações diferentes – que muitas vezes não votou nele, e sim contra o  –, Bolsonaro tenta responder à todas as expectativas. Resultado: ele acabou formando uma equipe disparate, misturando economistas ultraliberais, como , tecnocratas, como , e ideólogos, como . Além de seus filhos, dos militares e dos evangélicos, “que tiveram um papel crucial na eleição”, continua o texto, que qualifica a gestão atual de “bagunça, onde se atira para todo lado”.  “O verdadeiro poder de Bolsonaro é seu clã”, avança a revista. “Mas a situação está mudando, principalmente após as acusações visando seu filho . “Com isso fica difícil continuar se proclamando ‘senhor certinho’, como ele fez durante a campanha”, afirma L’Obs.
A reportagem lista ainda as diversas declarações polêmicas do atual presidente, e se mostra preocupada com a situação dos , que se sentem cada vez mais atacados, e dos , que veem seus direitos sendo feridos. Sem contar com “os gays e os negros, que têm o sentimento de andar pela rua com um alvo nas costas”, afirma a revista francesa.
  Já do ponto de vista político, o texto comenta que, ao contrário das reformas esperadas, o mandato começa bem devagar. “Ele concretizou pouca coisa e temos uma sensação de ver alguém à deriva”, analisa Brian Winter, ex-correspondente da Reuters no Brasil, ouvido pela reportagem.  “ não sabe governar, mas pelo menos ele é respaldado por um partido potente”, compara o texto, lembrando que Bolsonaro não se dobra aos acordos indispensáveis em um Congresso no qual sua legenda conta com pouco mais de 10%. O que torna ainda mais difícil a aprovação da esperada reforma da aposentadoria, analisa L’Obs. No entanto, pondera a revista, apesar das críticas e da falta de rumo definido, no final do segundo mês de presidência Bolsonaro contava com 57,7% de . “Um índice de dar inveja a Emmanuel Macron”, avalia a reportagem.
",Mundo," 1º trimestre do governo Bolsonaro é uma bagunça, diz revista francesa","“O ex-militar saudosista da ditadura ataca gays negros e jornalistas e governa sem rumo com o seu clã”, declara a revista",2019-03-24 15:19:25
RFI,https://www.cartacapital.com.br/mundo/bannon-bolsonaro-e-salvini-sao-os-politicos-mais-importantes-do-mundo/,"“Acho que Bolsonaro e Salvini são os políticos mais importantes do mundo”, disse Steve Bannon durante a coletiva. Interpelado pela RFI Brasil a respeito do senador Flávio Bolsonaro, com suspeitas de ligações com o crime organizado do Rio de Janeiro e envolvimento com estranhas movimentações bancárias de Fabrício Queiroz – seu ex-assessor na Assembleia Legislativa do Rio de Janeiro (Alerj) – Bannon comentou: “Veremos o que revelará a investigação”.
Bannon também mencionou Eduardo Bolsonaro, terceiro filho do presidente, com quem mantém contato desde a campanha para as presidenciais no Brasil, ressaltando os diversos encontros que os dois tiveram em Washington e em Nova Iorque. Segundo o ideólogo, estes contatos com  fazem parte da “agenda nacionalista populista para a prosperidade e soberania dos cidadãos em todo o mundo”.
  Bannon voltou a criticar o vice-presidente do Brasil, Hamilton Mourão, acusando o general de ter opiniões divergentes às de Bolsonaro. O ideólogo americano negou, porém, ingerência nas relações internas do governo brasileiro.  “Não é interferência, mas uma observação. Os governos têm que falar com uma só voz, não pode haver opiniões diferentes. Bolsonaro fez um compromisso, no qual o vice deveria sempre respeitar o presidente. Eu fiz esta observação e farei de novo. Quando se deve resolver uma crise, não adianta ter um alto integrante do governo que não mantém essa posição. Além disso, ele [Mourão] estabeleceu uma relação com a imprensa, como centro de poder alternativo”, explicou Bannon.
O ex-assessor estratégico da Casa Branca, afastado do governo americano, e um dos articuladores do novo populismo político, aproveitou para atacar os recentes governos de esquerda do Brasil. “O capitão Bolsonaro fez a campanha baseada no reforço da polícia e da legalidade no Brasil, onde reinava a anarquia, com a economia destruída por um governo socialista, que corrompeu o capitalismo com tanto roubo, com a corrupção de poderosas quadrilhas. O presidente brasileiro tem um caminho difícil pela frente”.
Integrante do movimento  (direita alternativa), Bannon está em Roma para promover a campanha de partidos populistas de extrema-direita para as eleições europeias em 5 de maio. Na próxima semana, ele encontrará lideres ultranacionalsitas de diversos países europeus.
Mourão atrapalha, diz Bannon (Foto: Adnilton Farias/VPR)Para Bannon, os partidos ultranacionalistas e populistas serão os vencedores das próximas eleições europeias. Ele ressaltou, no entanto, que estes movimentos não precisam dele para vencer.  “A melhor coisa que posso fazer por eles é exatamente o que fiz por Trump. Quando ele estava com a desvantagem de 10, 12 ou 14 pontos, eu lhe disse ‘você pode vencer, seja fiel a sua mensagem e vencerá’”. Segundo o estrategista americano, haverá um terremoto nas eleições europeias de maio.
  “Os movimentos ultranacionalistas europeus serão capazes de assumir o controle do Parlamento europeu e eventualmente da Comissão europeia”. Quando questionado de onde vem o dinheiro para financiar sua campanha ultranacionalista na Europa, Bannon respondeu: “Eu pago”.
Os jornalistas estrangeiros presentes na entrevista coletiva interrogaram Bannon sobre vários temas de política mundial. Sobre a China, que nos últimos dias assinou acordos de cooperação econômica com a Itália e com a França, o ideólogo americano alertou: “A China é perigosa. Xi Jinping é um ditador totalitário que realiza uma estratégia predatória para o resto do mundo, começando pelos EUA e pela Europa. A  é o cavalo de Tróia da China na fortaleza europeia, o braço do Exército Popular de Libertação da China”.
O articulador americano disse falou da Rússia, país que definiu como “uma cleptocracia gerida pela KGB e pelos oligarcas”. “Eles têm muitas armas, sim. Mas sua economia é do tamanho do Estado de Nova York”, afirmou.  Bannon disse que a atmosfera “venenosa” que foi construída em Washington durante a investigação da Rússia atrasou os esforços para trabalhar com a Rússia “para unir o Ocidente Judaico Cristão”. Ele também elogiou como o consultor especial Robert Mueller realizou sua investigação, concluindo que o presidente Donald Trump não era conivente com a Rússia, mas descreveu-a como uma distração.
Bannon, que é católico, também falou do Vaticano e atacou o . O estrategista americano encorajou a corrente de oposição ao pontífice liderada por alguns cardeais, como o norte-americano Raymond Burke. Ele está realizando um projeto na Itália que será a nova sede para formar populistas de extrema-direita na Europa.
O local é o mosteiro cartuxo de Trisulti (em Collepardona, região do Lácio), construído em 1204 no topo de uma montanha situada 130 quilômetros ao sudeste de Roma. Graças à concessão emitida pelo ministério da Cultura da Itália (MIBACT), o mosteiro foi arrendado em 2016 por 100 mil euros por ano.
  Na Itália, Bannon conta com seu braço direito, o inglês Benjamin Harnwell, fundador do Instituto Dignitatis Humanae, ligado aos círculos ultraconservadores cristãos. Durante a coletiva, Harnwell fez as traduções em italiano, com certa dificuldade. Ao atacar o papa Francisco, Bannon disse que ele deveria se focar em consertar a crise dos abusos sexuais na Igreja e ficar de fora da política.
O papa frequentemente faz apelos pela aceitação e compaixão pelos refugiados e migrantes. “Acho que o papa deve parar de criticar cidadãos livres, populistas e nacionalistas e movimentos de soberania que estão tentando recuperar e fortalecer seus países. Ele deveria começar a se focar no câncer de metástase na Igreja Católica, caso contrário ela será liquidada financeiramente. A cúpula sobre pedofilia foi um fracasso, não se falou de tolerância zero. A Igreja Católica sofre uma crise existencial”.
Segundo Bannon, por causa dos escândalos de pedofilia, a Igreja católica norte-americana estará liquidada financeiramente em dez anos. “Começarão a confiscar hospitais e escolas para pagar indenizações e obrigações”.
",Mundo,Bannon: Bolsonaro e Salvini são os políticos mais importantes do mundo,"O ideólogo do populismo de direita volta a criticar as interferências do general Hamilton Mourão e ataca a China, a Rússia e o papa ",2019-03-26 20:22:42
